[
  {
    "WishType": 301,
    "Name": "杯装之诗",
    "Version": 1.0,
    "StartTime": "2020-09-27T20:00:00",
    "EndTime": "2020-10-18T17:59:00",
    "UpStar5": [
      "温迪"
    ],
    "UpStar4": [
      "芭芭拉",
      "菲谢尔",
      "香菱"
    ]
  },
  {
    "WishType": 302,
    "Name": "神铸赋形",
    "Version": 1.0,
    "StartTime": "2020-09-27T20:00:00",
    "EndTime": "2020-10-18T17:59:00",
    "UpStar5": [
      "风鹰剑",
      "阿莫斯之弓"
    ],
    "UpStar4": [
      "笛剑",
      "钟剑",
      "流浪乐章",
      "绝弦",
      "西风长枪"
    ]
  },
  {
    "WishType": 301,
    "Name": "闪焰的驻足",
    "Version": 1.0,
    "StartTime": "2020-10-20T18:00:00",
    "EndTime": "2020-11-10T14:59:59",
    "UpStar5": [
      "可莉"
    ],
    "UpStar4": [
      "行秋",
      "诺艾尔",
      "砂糖"
    ]
  },
  {
    "WishType": 302,
    "Name": "神铸赋形",
    "Version": 1.0,
    "StartTime": "2020-10-20T18:00:00",
    "EndTime": "2020-11-10T14:59:59",
    "UpStar5": [
      "四风原典",
      "狼的末路"
    ],
    "UpStar4": [
      "祭礼剑",
      "祭礼大剑",
      "祭礼残章",
      "祭礼弓",
      "匣里灭辰"
    ]
  },
  {
    "WishType": 301,
    "Name": "暂别冬都",
    "Version": 1.1,
    "StartTime": "2020-11-10T20:00:00",
    "EndTime": "2020-12-01T15:59:00",
    "UpStar5": [
      "达达利亚"
    ],
    "UpStar4": [
      "迪奥娜",
      "北斗",
      "凝光"
    ]
  },
  {
    "WishType": 302,
    "Name": "神铸赋形",
    "Version": 1.1,
    "StartTime": "2020-11-10T20:00:00",
    "EndTime": "2020-12-01T15:59:00",
    "UpStar5": [
      "天空之翼",
      "尘世之锁"
    ],
    "UpStar4": [
      "笛剑",
      "雨裁",
      "昭心",
      "弓藏",
      "西风长枪"
    ]
  },
  {
    "WishType": 301,
    "Name": "陵薮市朝",
    "Version": 1.1,
    "StartTime": "2020-12-01T18:00:00",
    "EndTime": "2020-12-22T14:59:59",
    "UpStar5": [
      "钟离"
    ],
    "UpStar4": [
      "辛焱",
      "雷泽",
      "重云"
    ]
  },
  {
    "WishType": 302,
    "Name": "神铸赋形",
    "Version": 1.1,
    "StartTime": "2020-12-01T18:00:00",
    "EndTime": "2020-12-22T14:59:59",
    "UpStar5": [
      "贯虹之槊",
      "无工之剑"
    ],
    "UpStar4": [
      "匣里龙吟",
      "钟剑",
      "西风秘典",
      "西风猎弓",
      "匣里灭辰"
    ]
  },
  {
    "WishType": 301,
    "Name": "深秘之息",
    "Version": 1.2,
    "StartTime": "2020-12-22T20:00:00",
    "EndTime": "2021-01-12T15:59:00",
    "UpStar5": [
      "阿贝多"
    ],
    "UpStar4": [
      "菲谢尔",
      "砂糖",
      "班尼特"
    ]
  },
  {
    "WishType": 302,
    "Name": "神铸赋形",
    "Version": 1.2,
    "StartTime": "2020-12-22T20:00:00",
    "EndTime": "2021-01-12T15:59:00",
    "UpStar5": [
      "斫峰之刃",
      "天空之卷"
    ],
    "UpStar4": [
      "西风剑",
      "西风大剑",
      "西风长枪",
      "祭礼残章",
      "绝弦"
    ]
  },
  {
    "WishType": 301,
    "Name": "浮生孰来",
    "Version": 1.2,
    "StartTime": "2021-01-12T18:00:00",
    "EndTime": "2021-02-02T14:59:59",
    "UpStar5": [
      "甘雨"
    ],
    "UpStar4": [
      "香菱",
      "行秋",
      "诺艾尔"
    ]
  },
  {
    "WishType": 302,
    "Name": "神铸赋形",
    "Version": 1.2,
    "StartTime": "2021-01-12T18:00:00",
    "EndTime": "2021-02-02T14:59:59",
    "UpStar5": [
      "阿莫斯之弓",
      "天空之傲"
    ],
    "UpStar4": [
      "祭礼剑",
      "钟剑",
      "匣里灭辰",
      "昭心",
      "西风猎弓"
    ]
  },
  {
    "WishType": 301,
    "Name": "烟火之邀",
    "Version": 1.3,
    "StartTime": "2021-02-02T20:00:00",
    "EndTime": "2021-02-17T15:59:00",
    "UpStar5": [
      "魈"
    ],
    "UpStar4": [
      "迪奥娜",
      "北斗",
      "辛焱"
    ]
  },
  {
    "WishType": 302,
    "Name": "神铸赋形",
    "Version": 1.3,
    "StartTime": "2021-02-02T20:00:00",
    "EndTime": "2021-02-23T14:59:00",
    "UpStar5": [
      "磐岩结绿",
      "和璞鸢"
    ],
    "UpStar4": [
      "笛剑",
      "祭礼大剑",
      "弓藏",
      "昭心",
      "西风长枪"
    ]
  },
  {
    "WishType": 301,
    "Name": "鱼龙灯昼",
    "Version": 1.3,
    "StartTime": "2021-02-17T18:00:00",
    "EndTime": "2021-03-02T15:59:00",
    "UpStar5": [
      "刻晴"
    ],
    "UpStar4": [
      "凝光",
      "班尼特",
      "芭芭拉"
    ]
  },
  {
    "WishType": 302,
    "Name": "神铸赋形",
    "Version": 1.3,
    "StartTime": "2021-02-23T18:00:00",
    "EndTime": "2021-03-16T14:59:59",
    "UpStar5": [
      "护摩之杖",
      "狼的末路"
    ],
    "UpStar4": [
      "千岩古剑",
      "千岩长枪",
      "匣里龙吟",
      "祭礼弓",
      "流浪乐章"
    ]
  },
  {
    "WishType": 301,
    "Name": "赤团开时",
    "Version": 1.3,
    "StartTime": "2021-03-02T18:00:00",
    "EndTime": "2021-03-16T14:59:59",
    "UpStar5": [
      "胡桃"
    ],
    "UpStar4": [
      "行秋",
      "香菱",
      "重云"
    ]
  },
  {
    "WishType": 301,
    "Name": "杯装之诗",
    "Version": 1.4,
    "StartTime": "2021-03-16T20:00:00",
    "EndTime": "2021-04-06T15:59:00",
    "UpStar5": [
      "温迪"
    ],
    "UpStar4": [
      "砂糖",
      "雷泽",
      "诺艾尔"
    ]
  },
  {
    "WishType": 302,
    "Name": "神铸赋形",
    "Version": 1.4,
    "StartTime": "2021-03-16T20:00:00",
    "EndTime": "2021-04-06T15:59:00",
    "UpStar5": [
      "终末嗟叹之诗",
      "天空之刃"
    ],
    "UpStar4": [
      "暗巷闪光",
      "暗巷的酒与诗",
      "西风大剑",
      "西风猎弓",
      "匣里灭辰"
    ]
  },
  {
    "WishType": 301,
    "Name": "暂别冬都",
    "Version": 1.4,
    "StartTime": "2021-04-06T18:00:00",
    "EndTime": "2021-04-27T14:59:59",
    "UpStar5": [
      "达达利亚"
    ],
    "UpStar4": [
      "罗莎莉亚",
      "芭芭拉",
      "菲谢尔"
    ]
  },
  {
    "WishType": 302,
    "Name": "神铸赋形",
    "Version": 1.4,
    "StartTime": "2021-04-06T18:00:00",
    "EndTime": "2021-04-27T14:59:59",
    "UpStar5": [
      "天空之翼",
      "四风原典"
    ],
    "UpStar4": [
      "暗巷猎手",
      "西风剑",
      "祭礼大剑",
      "西风秘典",
      "西风长枪"
    ]
  },
  {
    "WishType": 301,
    "Name": "陵薮市朝",
    "Version": 1.5,
    "StartTime": "2021-04-27T20:00:00",
    "EndTime": "2021-05-18T17:59:00",
    "UpStar5": [
      "钟离"
    ],
    "UpStar4": [
      "烟绯",
      "诺艾尔",
      "迪奥娜"
    ]
  },
  {
    "WishType": 302,
    "Name": "神铸赋形",
    "Version": 1.5,
    "StartTime": "2021-04-27T20:00:00",
    "EndTime": "2021-05-18T17:59:00",
    "UpStar5": [
      "斫峰之刃",
      "尘世之锁"
    ],
    "UpStar4": [
      "千岩古剑",
      "千岩长枪",
      "笛剑",
      "昭心",
      "祭礼弓"
    ]
  },
  {
    "WishType": 301,
    "Name": "浪涌之瞬",
    "Version": 1.5,
    "StartTime": "2021-05-18T18:00:00",
    "EndTime": "2021-06-08T14:59:59",
    "UpStar5": [
      "优菈"
    ],
    "UpStar4": [
      "辛焱",
      "行秋",
      "北斗"
    ]
  },
  {
    "WishType": 302,
    "Name": "神铸赋形",
    "Version": 1.5,
    "StartTime": "2021-05-18T18:00:00",
    "EndTime": "2021-06-08T14:59:59",
    "UpStar5": [
      "松籁响起之时",
      "风鹰剑"
    ],
    "UpStar4": [
      "祭礼剑",
      "雨裁",
      "匣里灭辰",
      "祭礼残章",
      "弓藏"
    ]
  },
  {
    "WishType": 301,
    "Name": "闪焰的驻足",
    "Version": 1.6,
    "StartTime": "2021-06-08T20:00:00",
    "EndTime": "2021-06-29T17:59:00",
    "UpStar5": [
      "可莉"
    ],
    "UpStar4": [
      "芭芭拉",
      "砂糖",
      "菲谢尔"
    ]
  },
  {
    "WishType": 302,
    "Name": "神铸赋形",
    "Version": 1.6,
    "StartTime": "2021-06-08T20:00:00",
    "EndTime": "2021-06-29T17:59:00",
    "UpStar5": [
      "天空之傲",
      "四风原典"
    ],
    "UpStar4": [
      "幽夜华尔兹",
      "匣里龙吟",
      "钟剑",
      "西风长枪",
      "流浪乐章"
    ]
  },
  {
    "WishType": 301,
    "Name": "叶落风随",
    "Version": 1.6,
    "StartTime": "2021-06-29T18:00:00",
    "EndTime": "2021-07-20T14:59:59",
    "UpStar5": [
      "枫原万叶"
    ],
    "UpStar4": [
      "罗莎莉亚",
      "班尼特",
      "雷泽"
    ]
  },
  {
    "WishType": 302,
    "Name": "神铸赋形",
    "Version": 1.6,
    "StartTime": "2021-06-29T18:00:00",
    "EndTime": "2021-07-20T14:59:59",
    "UpStar5": [
      "苍古自由之誓",
      "天空之卷"
    ],
    "UpStar4": [
      "暗巷闪光",
      "暗巷的酒与诗",
      "暗巷猎手",
      "西风大剑",
      "匣里灭辰"
    ]
  },
  {
    "WishType": 301,
    "Name": "白鹭之庭",
    "Version": 2.0,
    "StartTime": "2021-07-20T20:00:00",
    "EndTime": "2021-08-10T17:59:00",
    "UpStar5": [
      "神里绫华"
    ],
    "UpStar4": [
      "凝光",
      "重云",
      "烟绯"
    ]
  },
  {
    "WishType": 302,
    "Name": "神铸赋形",
    "Version": 2.0,
    "StartTime": "2021-07-20T20:00:00",
    "EndTime": "2021-08-10T17:59:00",
    "UpStar5": [
      "雾切之回光",
      "天空之脊"
    ],
    "UpStar4": [
      "西风剑",
      "祭礼大剑",
      "西风长枪",
      "西风秘典",
      "绝弦"
    ]
  },
  {
    "WishType": 301,
    "Name": "焰色天河",
    "Version": 2.0,
    "StartTime": "2021-08-10T18:00:00",
    "EndTime": "2021-08-31T14:59:59",
    "UpStar5": [
      "宵宫"
    ],
    "UpStar4": [
      "早柚",
      "迪奥娜",
      "辛焱"
    ]
  },
  {
    "WishType": 302,
    "Name": "神铸赋形",
    "Version": 2.0,
    "StartTime": "2021-08-10T18:00:00",
    "EndTime": "2021-08-31T14:59:59",
    "UpStar5": [
      "飞雷之弦振",
      "天空之刃"
    ],
    "UpStar4": [
      "祭礼剑",
      "雨裁",
      "匣里灭辰",
      "祭礼残章",
      "西风猎弓"
    ]
  },
  {
    "WishType": 301,
    "Name": "影寂天下人",
    "Version": 2.1,
    "StartTime": "2021-08-31T20:00:00",
    "EndTime": "2021-09-21T17:59:00",
    "UpStar5": [
      "雷电将军"
    ],
    "UpStar4": [
      "九条裟罗",
      "香菱",
      "砂糖"
    ]
  },
  {
    "WishType": 302,
    "Name": "神铸赋形",
    "Version": 2.1,
    "StartTime": "2021-08-31T20:00:00",
    "EndTime": "2021-09-21T17:59:00",
    "UpStar5": [
      "薙草之稻光",
      "无工之剑"
    ],
    "UpStar4": [
      "匣里龙吟",
      "钟剑",
      "西风长枪",
      "流浪乐章",
      "祭礼弓"
    ]
  }
]